"county","county.name","log.radon","basement"
1,"AITKIN",0.78845736036427,1
1,"AITKIN",0.78845736036427,0
1,"AITKIN",1.06471073699243,0
1,"AITKIN",0,0
2,"ANOKA",1.1314021114911,0
2,"ANOKA",0.916290731874155,0
2,"ANOKA",0.405465108108164,0
2,"ANOKA",0,0
2,"ANOKA",-0.356674943938732,0
2,"ANOKA",0.182321556793955,0
2,"ANOKA",0.182321556793955,0
2,"ANOKA",0.262364264467491,0
2,"ANOKA",0.336472236621213,0
2,"ANOKA",-0.916290731874155,0
2,"ANOKA",0.0953101798043249,0
2,"ANOKA",1.50407739677627,0
2,"ANOKA",0.262364264467491,0
2,"ANOKA",0.741937344729377,0
2,"ANOKA",1.77495235091167,0
2,"ANOKA",1.19392246847243,0
2,"ANOKA",0.587786664902119,0
2,"ANOKA",1.68639895357023,0
2,"ANOKA",1.84054963339749,0
2,"ANOKA",0.641853886172395,0
2,"ANOKA",1.88706964903238,0
2,"ANOKA",1.1314021114911,0
2,"ANOKA",1.91692261218206,0
2,"ANOKA",1.94591014905531,0
2,"ANOKA",2.04122032885964,0
2,"ANOKA",1.64865862558738,0
2,"ANOKA",1.50407739677627,0
2,"ANOKA",1.48160454092422,0
2,"ANOKA",1.02961941718116,0
2,"ANOKA",2.09186406167839,0
2,"ANOKA",0.470003629245736,0
2,"ANOKA",1.43508452528932,0
2,"ANOKA",1.68639895357023,0
2,"ANOKA",1.38629436111989,0
2,"ANOKA",0.832909122935104,0
2,"ANOKA",1.06471073699243,0
2,"ANOKA",0.336472236621213,0
2,"ANOKA",1.19392246847243,0
2,"ANOKA",1.06471073699243,0
2,"ANOKA",0.587786664902119,1
2,"ANOKA",-1.6094379124341,1
2,"ANOKA",0.8754687373539,0
2,"ANOKA",0.0953101798043249,1
2,"ANOKA",0.78845736036427,0
2,"ANOKA",-0.510825623765991,0
2,"ANOKA",0.53062825106217,0
2,"ANOKA",1.06471073699243,0
2,"ANOKA",0.78845736036427,0
2,"ANOKA",0.53062825106217,0
2,"ANOKA",0.336472236621213,0
2,"ANOKA",0.641853886172395,0
2,"ANOKA",0.587786664902119,0
3,"BECKER",0.182321556793955,1
3,"BECKER",1.45861502269952,0
3,"BECKER",1.50407739677627,1
4,"BELTRAMI",1.84054963339749,0
4,"BELTRAMI",1.52605630349505,0
4,"BELTRAMI",1.7404661748405,0
4,"BELTRAMI",0.78845736036427,1
4,"BELTRAMI",-0.916290731874155,1
4,"BELTRAMI",1.52605630349505,1
4,"BELTRAMI",1.48160454092422,1
5,"BENTON",1.88706964903238,0
5,"BENTON",0.993251773010283,0
5,"BENTON",1.06471073699243,1
5,"BENTON",1.06471073699243,0
6,"BIG STONE",1.97408102602201,0
6,"BIG STONE",1.6094379124341,0
6,"BIG STONE",0.955511445027436,0
7,"BLUE EARTH",1.6094379124341,0
7,"BLUE EARTH",2.56494935746154,0
7,"BLUE EARTH",1.97408102602201,0
7,"BLUE EARTH",1.91692261218206,0
7,"BLUE EARTH",2.54944517092557,0
7,"BLUE EARTH",1.75785791755237,1
7,"BLUE EARTH",2.2512917986065,0
7,"BLUE EARTH",1.79175946922805,0
7,"BLUE EARTH",1.33500106673234,0
7,"BLUE EARTH",2.66025953726586,1
7,"BLUE EARTH",0.587786664902119,0
7,"BLUE EARTH",1.93152141160321,0
7,"BLUE EARTH",1.54756250871601,0
7,"BLUE EARTH",2.2512917986065,0
8,"BROWN",0.916290731874155,1
8,"BROWN",1.90210752639692,0
8,"BROWN",1.38629436111989,1
8,"BROWN",2.31253542384721,0
9,"CARLTON",0.78845736036427,0
9,"CARLTON",0.587786664902119,0
9,"CARLTON",1.22377543162212,0
9,"CARLTON",1.7227665977411,1
9,"CARLTON",1.45861502269952,0
9,"CARLTON",1.3609765531356,0
9,"CARLTON",0.262364264467491,0
9,"CARLTON",1.43508452528932,0
9,"CARLTON",-0.22314355131421,0
9,"CARLTON",0.693147180559945,0
10,"CARVER",0.470003629245736,0
10,"CARVER",2.55722731136763,0
10,"CARVER",2.68784749378469,1
10,"CARVER",1.54756250871601,1
10,"CARVER",2.26176309847379,0
10,"CARVER",-2.30258509299405,1
11,"CASS",1.30833281965018,0
11,"CASS",2.00148000021012,0
11,"CASS",0.641853886172395,0
11,"CASS",1.66770682055808,0
11,"CASS",1.38629436111989,0
12,"CHIPPEWA",2.04122032885964,0
12,"CHIPPEWA",0.336472236621213,0
12,"CHIPPEWA",2.30258509299405,0
12,"CHIPPEWA",2.24070968927596,0
13,"CHISAGO",-0.22314355131421,0
13,"CHISAGO",1.48160454092422,0
13,"CHISAGO",1.6094379124341,0
13,"CHISAGO",0.741937344729377,0
13,"CHISAGO",0.53062825106217,0
13,"CHISAGO",2.09186406167839,0
14,"CLAY",-0.105360515657826,1
14,"CLAY",2.55722731136763,0
14,"CLAY",0.955511445027436,0
14,"CLAY",1.25276296849537,1
14,"CLAY",3.28091121578765,0
14,"CLAY",0.405465108108164,0
14,"CLAY",2.56494935746154,0
14,"CLAY",2.17475172148416,0
14,"CLAY",2.9704144655697,0
14,"CLAY",0.916290731874155,1
14,"CLAY",2.19722457733622,0
14,"CLAY",2.57261223020711,0
14,"CLAY",1.28093384546206,0
14,"CLAY",1.93152141160321,1
15,"CLEARWATER",1.56861591791385,1
15,"CLEARWATER",1.22377543162212,0
15,"CLEARWATER",-0.105360515657826,1
15,"CLEARWATER",1.22377543162212,0
16,"COOK",0.993251773010283,0
16,"COOK",0.336472236621213,0
17,"COTTONWOOD",1.91692261218206,0
17,"COTTONWOOD",2.40694510831829,1
17,"COTTONWOOD",-2.30258509299405,1
17,"COTTONWOOD",0.916290731874155,1
18,"CROW WING",0.587786664902119,0
18,"CROW WING",0.470003629245736,0
18,"CROW WING",0,1
18,"CROW WING",-0.105360515657826,0
18,"CROW WING",1.06471073699243,0
18,"CROW WING",1.48160454092422,0
18,"CROW WING",0.405465108108164,0
18,"CROW WING",1.41098697371026,0
18,"CROW WING",0.916290731874155,1
18,"CROW WING",1.90210752639692,1
18,"CROW WING",1.45861502269952,0
18,"CROW WING",1.70474809223843,0
19,"DAKOTA",1.28093384546206,0
19,"DAKOTA",1.02961941718116,0
19,"DAKOTA",2.68102152871429,0
19,"DAKOTA",1.90210752639692,0
19,"DAKOTA",2.07944154167984,0
19,"DAKOTA",0.955511445027436,0
19,"DAKOTA",1.02961941718116,1
19,"DAKOTA",1.48160454092422,0
19,"DAKOTA",0.53062825106217,1
19,"DAKOTA",0.693147180559945,0
19,"DAKOTA",0.693147180559945,0
19,"DAKOTA",0.405465108108164,0
19,"DAKOTA",2.26176309847379,0
19,"DAKOTA",2.09186406167839,0
19,"DAKOTA",1.25276296849537,0
19,"DAKOTA",-0.22314355131421,1
19,"DAKOTA",1.62924053973028,0
19,"DAKOTA",1.16315080980568,0
19,"DAKOTA",2.37954613413017,0
19,"DAKOTA",2.10413415427021,0
19,"DAKOTA",1.84054963339749,0
19,"DAKOTA",1.56861591791385,0
19,"DAKOTA",1.79175946922805,0
19,"DAKOTA",0.0953101798043249,0
19,"DAKOTA",2.16332302566054,0
19,"DAKOTA",2.17475172148416,0
19,"DAKOTA",1.91692261218206,0
19,"DAKOTA",0.832909122935104,0
19,"DAKOTA",0.470003629245736,0
19,"DAKOTA",1.02961941718116,0
19,"DAKOTA",1.87180217690159,0
19,"DAKOTA",0.53062825106217,0
19,"DAKOTA",1.52605630349505,0
19,"DAKOTA",1.19392246847243,0
19,"DAKOTA",1.48160454092422,0
19,"DAKOTA",3.05400118167797,0
19,"DAKOTA",2.2082744135228,0
19,"DAKOTA",-0.105360515657826,0
19,"DAKOTA",1.58923520511658,0
19,"DAKOTA",1.6094379124341,0
19,"DAKOTA",0.0953101798043249,0
19,"DAKOTA",2.02814824729229,0
19,"DAKOTA",1.68639895357023,0
19,"DAKOTA",1.28093384546206,0
19,"DAKOTA",1.58923520511658,0
19,"DAKOTA",1.54756250871601,0
19,"DAKOTA",0.336472236621213,0
19,"DAKOTA",1.22377543162212,0
19,"DAKOTA",1.43508452528932,0
19,"DAKOTA",0.916290731874155,0
19,"DAKOTA",0.336472236621213,0
19,"DAKOTA",0.336472236621213,0
19,"DAKOTA",0.641853886172395,0
19,"DAKOTA",1.56861591791385,0
19,"DAKOTA",0.336472236621213,1
19,"DAKOTA",1.33500106673234,0
19,"DAKOTA",2.17475172148416,0
19,"DAKOTA",1.45861502269952,0
19,"DAKOTA",1.48160454092422,0
19,"DAKOTA",1.50407739677627,0
19,"DAKOTA",0.78845736036427,0
19,"DAKOTA",-0.693147180559945,0
19,"DAKOTA",1.75785791755237,0
20,"DODGE",1.68639895357023,0
20,"DODGE",1.97408102602201,0
20,"DODGE",1.7404661748405,0
21,"DOUGLAS",2.00148000021012,0
21,"DOUGLAS",1.56861591791385,0
21,"DOUGLAS",1.91692261218206,0
21,"DOUGLAS",1.85629799036563,0
21,"DOUGLAS",1.30833281965018,1
21,"DOUGLAS",1.70474809223843,0
21,"DOUGLAS",2.05412373369555,0
21,"DOUGLAS",1.48160454092422,0
21,"DOUGLAS",0.993251773010283,0
22,"FARIBAULT",1.22377543162212,0
22,"FARIBAULT",1.43508452528932,0
22,"FARIBAULT",0.832909122935104,0
22,"FARIBAULT",0.262364264467491,1
22,"FARIBAULT",1.64865862558738,0
22,"FARIBAULT",-2.30258509299405,0
23,"FILLMORE",0.916290731874155,1
23,"FILLMORE",1.16315080980568,0
24,"FREEBORN",1.16315080980568,0
24,"FREEBORN",2.26176309847379,0
24,"FREEBORN",1.43508452528932,0
24,"FREEBORN",2.19722457733622,0
24,"FREEBORN",1.84054963339749,0
24,"FREEBORN",3.48431228837266,0
24,"FREEBORN",2.58021682959233,0
24,"FREEBORN",0.78845736036427,1
24,"FREEBORN",1.7227665977411,1
25,"GOODHUE",2.66025953726586,0
25,"GOODHUE",1.93152141160321,1
25,"GOODHUE",2.02814824729229,0
25,"GOODHUE",2.28238238567653,1
25,"GOODHUE",0.955511445027436,0
25,"GOODHUE",3.77276093809464,0
25,"GOODHUE",1.58923520511658,0
25,"GOODHUE",1.58923520511658,0
25,"GOODHUE",1.25276296849537,0
25,"GOODHUE",1.56861591791385,0
25,"GOODHUE",1.7227665977411,0
25,"GOODHUE",1.25276296849537,0
25,"GOODHUE",1.3609765531356,0
25,"GOODHUE",1.90210752639692,0
26,"HENNEPIN",2.06686275947298,0
26,"HENNEPIN",1.19392246847243,0
26,"HENNEPIN",0.741937344729377,1
26,"HENNEPIN",0.470003629245736,0
26,"HENNEPIN",1.38629436111989,0
26,"HENNEPIN",0.587786664902119,0
26,"HENNEPIN",0.916290731874155,0
26,"HENNEPIN",2.41591377830105,0
26,"HENNEPIN",0.955511445027436,0
26,"HENNEPIN",1.3609765531356,0
26,"HENNEPIN",2.00148000021012,0
26,"HENNEPIN",0.262364264467491,0
26,"HENNEPIN",-0.105360515657826,0
26,"HENNEPIN",-0.916290731874155,0
26,"HENNEPIN",0.916290731874155,1
26,"HENNEPIN",1.79175946922805,0
26,"HENNEPIN",0.693147180559945,0
26,"HENNEPIN",1.68639895357023,0
26,"HENNEPIN",1.09861228866811,0
26,"HENNEPIN",1.06471073699243,0
26,"HENNEPIN",1.70474809223843,0
26,"HENNEPIN",1.41098697371026,0
26,"HENNEPIN",1.3609765531356,0
26,"HENNEPIN",2.70136121295141,0
26,"HENNEPIN",1.97408102602201,0
26,"HENNEPIN",0.832909122935104,0
26,"HENNEPIN",1.02961941718116,1
26,"HENNEPIN",1.48160454092422,0
26,"HENNEPIN",0.405465108108164,0
26,"HENNEPIN",2.15176220325946,0
26,"HENNEPIN",1.7227665977411,0
26,"HENNEPIN",2.15176220325946,0
26,"HENNEPIN",1.33500106673234,0
26,"HENNEPIN",0.587786664902119,0
26,"HENNEPIN",0.641853886172395,0
26,"HENNEPIN",1.70474809223843,0
26,"HENNEPIN",0.916290731874155,0
26,"HENNEPIN",-0.22314355131421,1
26,"HENNEPIN",0.741937344729377,0
26,"HENNEPIN",1.02961941718116,0
26,"HENNEPIN",1.3609765531356,0
26,"HENNEPIN",1.45861502269952,0
26,"HENNEPIN",1.54756250871601,0
26,"HENNEPIN",1.02961941718116,0
26,"HENNEPIN",1.41098697371026,0
26,"HENNEPIN",0.470003629245736,0
26,"HENNEPIN",1.45861502269952,0
26,"HENNEPIN",-0.356674943938732,1
26,"HENNEPIN",1.70474809223843,0
26,"HENNEPIN",1.19392246847243,1
26,"HENNEPIN",1.70474809223843,0
26,"HENNEPIN",0.916290731874155,0
26,"HENNEPIN",0.993251773010283,0
26,"HENNEPIN",2.12823170584927,0
26,"HENNEPIN",1.19392246847243,0
26,"HENNEPIN",1.16315080980568,0
26,"HENNEPIN",2.15176220325946,0
26,"HENNEPIN",0.53062825106217,0
26,"HENNEPIN",1.7404661748405,0
26,"HENNEPIN",2.56494935746154,0
26,"HENNEPIN",0.993251773010283,0
26,"HENNEPIN",1.54756250871601,0
26,"HENNEPIN",1.7227665977411,0
26,"HENNEPIN",2.62466859216316,0
26,"HENNEPIN",2.02814824729229,1
26,"HENNEPIN",1.7404661748405,0
26,"HENNEPIN",1.52605630349505,0
26,"HENNEPIN",2.02814824729229,0
26,"HENNEPIN",0.955511445027436,0
26,"HENNEPIN",1.50407739677627,0
26,"HENNEPIN",1.77495235091167,0
26,"HENNEPIN",0.78845736036427,0
26,"HENNEPIN",0.8754687373539,0
26,"HENNEPIN",1.38629436111989,0
26,"HENNEPIN",1.52605630349505,0
26,"HENNEPIN",1.52605630349505,0
26,"HENNEPIN",2.3887627892351,0
26,"HENNEPIN",2.02814824729229,0
26,"HENNEPIN",1.09861228866811,0
26,"HENNEPIN",0.405465108108164,0
26,"HENNEPIN",0.470003629245736,1
26,"HENNEPIN",2.80336038090653,0
26,"HENNEPIN",1.1314021114911,0
26,"HENNEPIN",1.62924053973028,0
26,"HENNEPIN",1.58923520511658,0
26,"HENNEPIN",1.79175946922805,0
26,"HENNEPIN",-0.105360515657826,1
26,"HENNEPIN",0.587786664902119,0
26,"HENNEPIN",1.3609765531356,0
26,"HENNEPIN",1.7227665977411,0
26,"HENNEPIN",-0.916290731874155,1
26,"HENNEPIN",0.955511445027436,0
26,"HENNEPIN",1.28093384546206,0
26,"HENNEPIN",1.82454929205105,0
26,"HENNEPIN",3.16124671203156,0
26,"HENNEPIN",1.3609765531356,0
26,"HENNEPIN",1.06471073699243,0
26,"HENNEPIN",1.09861228866811,0
26,"HENNEPIN",1.54756250871601,0
26,"HENNEPIN",1.09861228866811,0
26,"HENNEPIN",1.43508452528932,0
26,"HENNEPIN",1.33500106673234,0
26,"HENNEPIN",1.09861228866811,0
26,"HENNEPIN",1.45861502269952,0
26,"HENNEPIN",1.06471073699243,1
27,"HOUSTON",1.22377543162212,0
27,"HOUSTON",2.14006616349627,0
27,"HOUSTON",2.19722457733622,0
27,"HOUSTON",1.56861591791385,1
27,"HOUSTON",1.28093384546206,0
27,"HOUSTON",0.78845736036427,1
28,"HUBBARD",1.02961941718116,1
28,"HUBBARD",-0.22314355131421,1
28,"HUBBARD",0.405465108108164,0
28,"HUBBARD",1.52605630349505,0
28,"HUBBARD",1.30833281965018,1
29,"ISANTI",1.28093384546206,0
29,"ISANTI",1.09861228866811,0
29,"ISANTI",0.78845736036427,0
30,"ITASCA",0.641853886172395,0
30,"ITASCA",0.955511445027436,0
30,"ITASCA",0.587786664902119,0
30,"ITASCA",0.8754687373539,0
30,"ITASCA",1.45861502269952,0
30,"ITASCA",0.955511445027436,0
30,"ITASCA",0.0953101798043249,0
30,"ITASCA",1.19392246847243,0
30,"ITASCA",0.916290731874155,0
30,"ITASCA",2.24070968927596,0
30,"ITASCA",0.262364264467491,0
31,"JACKSON",2.12823170584927,0
31,"JACKSON",1.6094379124341,0
31,"JACKSON",1.06471073699243,0
31,"JACKSON",2.57261223020711,0
31,"JACKSON",2.72785282839839,0
32,"KANABEC",0.587786664902119,0
32,"KANABEC",1.33500106673234,0
32,"KANABEC",2.06686275947298,0
32,"KANABEC",0.955511445027436,0
33,"KANDIYOHI",2.42480272571829,0
33,"KANDIYOHI",1.41098697371026,0
33,"KANDIYOHI",2.50959926237837,0
33,"KANDIYOHI",1.90210752639692,0
34,"KITTSON",1.93152141160321,0
34,"KITTSON",1.50407739677627,1
34,"KITTSON",-0.105360515657826,1
35,"KOOCHICHING",0.53062825106217,0
35,"KOOCHICHING",0.336472236621213,0
35,"KOOCHICHING",0.693147180559945,1
35,"KOOCHICHING",0,1
35,"KOOCHICHING",0,0
35,"KOOCHICHING",1.02961941718116,1
35,"KOOCHICHING",0.262364264467491,1
36,"LAC QUI PARLE",2.42480272571829,1
36,"LAC QUI PARLE",2.77258872223978,0
37,"LAKE",0.262364264467491,1
37,"LAKE",0.262364264467491,0
37,"LAKE",0.470003629245736,0
37,"LAKE",-0.105360515657826,0
37,"LAKE",1.02961941718116,0
37,"LAKE",-0.693147180559945,0
37,"LAKE",0.405465108108164,0
37,"LAKE",1.96009478404727,0
37,"LAKE",-0.693147180559945,0
38,"LAKE OF THE WOODS",2.31253542384721,0
38,"LAKE OF THE WOODS",1.45861502269952,1
38,"LAKE OF THE WOODS",1.19392246847243,0
38,"LAKE OF THE WOODS",1.06471073699243,1
39,"LE SUEUR",2.52572864430826,0
39,"LE SUEUR",1.43508452528932,1
39,"LE SUEUR",1.50407739677627,0
39,"LE SUEUR",1.3609765531356,0
39,"LE SUEUR",1.19392246847243,0
40,"LINCOLN",2.86220088092947,0
40,"LINCOLN",2.36085400111802,0
40,"LINCOLN",2.06686275947298,0
40,"LINCOLN",1.25276296849537,1
41,"LYON",1.87180217690159,0
41,"LYON",1.93152141160321,1
41,"LYON",1.62924053973028,0
41,"LYON",2.484906649788,0
41,"LYON",1.62924053973028,0
41,"LYON",2.18605127673809,0
41,"LYON",1.75785791755237,0
41,"LYON",1.52605630349505,0
42,"MAHNOMEN",1.3609765531356,0
43,"MARSHALL",0.405465108108164,1
43,"MARSHALL",3.16968558067743,0
43,"MARSHALL",-0.105360515657826,1
43,"MARSHALL",0.336472236621213,1
43,"MARSHALL",0.0953101798043249,1
43,"MARSHALL",1.02961941718116,0
43,"MARSHALL",3.87535902105655,0
43,"MARSHALL",-0.105360515657826,1
43,"MARSHALL",2.11625551480255,0
44,"MARTIN",1.41098697371026,0
44,"MARTIN",-0.693147180559945,1
44,"MARTIN",1.90210752639692,0
44,"MARTIN",2.01490302054226,0
44,"MARTIN",2.21920348405499,0
44,"MARTIN",-0.693147180559945,0
44,"MARTIN",0.405465108108164,0
45,"MCLEOD",2.33214389523559,0
45,"MCLEOD",1.3609765531356,0
45,"MCLEOD",0.587786664902119,0
45,"MCLEOD",2.29253475714054,0
45,"MCLEOD",0.832909122935104,0
45,"MCLEOD",1.48160454092422,0
45,"MCLEOD",1.02961941718116,0
45,"MCLEOD",0.0953101798043249,1
45,"MCLEOD",0.182321556793955,0
45,"MCLEOD",0.470003629245736,1
45,"MCLEOD",3.23474917402449,1
45,"MCLEOD",-2.30258509299405,1
45,"MCLEOD",2.36085400111802,0
46,"MEEKER",0.832909122935104,0
46,"MEEKER",1.3609765531356,0
46,"MEEKER",1.97408102602201,0
46,"MEEKER",0.741937344729377,0
46,"MEEKER",1.16315080980568,0
47,"MILLE LACS",-0.693147180559945,1
47,"MILLE LACS",1.7404661748405,0
48,"MORRISON",0.336472236621213,0
48,"MORRISON",0.741937344729377,0
48,"MORRISON",1.48160454092422,0
48,"MORRISON",0.8754687373539,0
48,"MORRISON",1.58923520511658,0
48,"MORRISON",1.09861228866811,1
48,"MORRISON",1.09861228866811,0
48,"MORRISON",1.02961941718116,0
48,"MORRISON",1.3609765531356,0
49,"MOWER",2.3887627892351,0
49,"MOWER",1.85629799036563,0
49,"MOWER",0.693147180559945,0
49,"MOWER",1.09861228866811,0
49,"MOWER",1.50407739677627,0
49,"MOWER",0.741937344729377,0
49,"MOWER",2.07944154167984,0
49,"MOWER",0.262364264467491,1
49,"MOWER",2.21920348405499,0
49,"MOWER",0.0953101798043249,1
49,"MOWER",2.36085400111802,0
49,"MOWER",3.17805383034795,0
49,"MOWER",2.2082744135228,0
50,"MURRAY",2.4932054526027,0
51,"NICOLLET",2.09186406167839,0
51,"NICOLLET",2.37954613413017,0
51,"NICOLLET",1.43508452528932,0
51,"NICOLLET",2.75366071235426,0
52,"NOBLES",1.68639895357023,0
52,"NOBLES",1.82454929205105,0
52,"NOBLES",2.27212588550934,0
53,"NORMAN",2.09186406167839,0
53,"NORMAN",0.470003629245736,0
53,"NORMAN",0.470003629245736,1
54,"OLMSTED",1.85629799036563,0
54,"OLMSTED",1.48160454092422,0
54,"OLMSTED",2.41591377830105,0
54,"OLMSTED",2.30258509299405,0
54,"OLMSTED",1.50407739677627,0
54,"OLMSTED",2.07944154167984,0
54,"OLMSTED",0.832909122935104,0
54,"OLMSTED",1.16315080980568,0
54,"OLMSTED",1.6094379124341,0
54,"OLMSTED",1.41098697371026,0
54,"OLMSTED",0.0953101798043249,0
54,"OLMSTED",0.693147180559945,0
54,"OLMSTED",0.0953101798043249,1
54,"OLMSTED",1.06471073699243,0
54,"OLMSTED",0.741937344729377,0
54,"OLMSTED",2.05412373369555,0
54,"OLMSTED",1.33500106673234,0
54,"OLMSTED",0.916290731874155,0
54,"OLMSTED",1.06471073699243,0
54,"OLMSTED",0.53062825106217,1
54,"OLMSTED",0.916290731874155,0
54,"OLMSTED",2.24070968927596,0
54,"OLMSTED",-0.510825623765991,1
55,"OTTER TAIL",0.993251773010283,0
55,"OTTER TAIL",0.0953101798043249,1
55,"OTTER TAIL",0.741937344729377,1
55,"OTTER TAIL",2.484906649788,0
55,"OTTER TAIL",2.53369681395743,1
55,"OTTER TAIL",1.16315080980568,0
55,"OTTER TAIL",1.43508452528932,0
55,"OTTER TAIL",1.33500106673234,0
56,"PENNINGTON",1.30833281965018,1
56,"PENNINGTON",1.75785791755237,0
56,"PENNINGTON",-1.20397280432594,1
57,"PINE",1.41098697371026,0
57,"PINE",1.02961941718116,0
57,"PINE",0.641853886172395,0
57,"PINE",0.182321556793955,1
57,"PINE",0.182321556793955,0
57,"PINE",0.405465108108164,0
58,"PIPESTONE",2.24070968927596,0
58,"PIPESTONE",0.53062825106217,0
58,"PIPESTONE",2.4932054526027,0
58,"PIPESTONE",1.45861502269952,1
59,"POLK",1.93152141160321,0
59,"POLK",0.336472236621213,1
59,"POLK",0.916290731874155,1
59,"POLK",2.26176309847379,0
60,"POPE",1.33500106673234,0
60,"POPE",1.22377543162212,0
61,"RAMSEY",1.91692261218206,0
61,"RAMSEY",1.28093384546206,0
61,"RAMSEY",0.78845736036427,0
61,"RAMSEY",0.955511445027436,0
61,"RAMSEY",0.741937344729377,0
61,"RAMSEY",1.94591014905531,0
61,"RAMSEY",0.182321556793955,0
61,"RAMSEY",1.33500106673234,0
61,"RAMSEY",1.25276296849537,0
61,"RAMSEY",1.43508452528932,0
61,"RAMSEY",0.470003629245736,1
61,"RAMSEY",1.02961941718116,1
61,"RAMSEY",2.15176220325946,0
61,"RAMSEY",1.82454929205105,0
61,"RAMSEY",1.64865862558738,0
61,"RAMSEY",0.993251773010283,0
61,"RAMSEY",0.182321556793955,0
61,"RAMSEY",1.25276296849537,0
61,"RAMSEY",1.70474809223843,0
61,"RAMSEY",2.31253542384721,1
61,"RAMSEY",1.70474809223843,0
61,"RAMSEY",0.182321556793955,0
61,"RAMSEY",1.58923520511658,0
61,"RAMSEY",1.38629436111989,0
61,"RAMSEY",1.25276296849537,0
61,"RAMSEY",0.916290731874155,0
61,"RAMSEY",0.182321556793955,0
61,"RAMSEY",0.993251773010283,0
61,"RAMSEY",0.53062825106217,0
61,"RAMSEY",1.1314021114911,0
61,"RAMSEY",-0.356674943938732,0
61,"RAMSEY",0,0
62,"REDWOOD",0.641853886172395,0
62,"REDWOOD",1.33500106673234,0
62,"REDWOOD",2.18605127673809,0
62,"REDWOOD",2.00148000021012,0
62,"REDWOOD",3.03013370027132,1
63,"RENVILLE",1.79175946922805,0
63,"RENVILLE",0.741937344729377,0
63,"RENVILLE",1.75785791755237,1
64,"RICE",2.27212588550934,0
64,"RICE",1.85629799036563,0
64,"RICE",1.52605630349505,0
64,"RICE",1.7227665977411,0
64,"RICE",2.94443897916644,0
64,"RICE",0.8754687373539,1
64,"RICE",1.09861228866811,0
64,"RICE",1.62924053973028,0
64,"RICE",2.04122032885964,0
64,"RICE",2.09186406167839,0
64,"RICE",1.54756250871601,0
65,"ROCK",2.12823170584927,0
65,"ROCK",0.470003629245736,0
66,"ROSEAU",1.79175946922805,1
66,"ROSEAU",0.0953101798043249,1
66,"ROSEAU",2.43361335540045,0
66,"ROSEAU",1.45861502269952,1
66,"ROSEAU",1.28093384546206,1
66,"ROSEAU",2.33214389523559,0
66,"ROSEAU",1.22377543162212,1
66,"ROSEAU",1.1314021114911,0
66,"ROSEAU",1.28093384546206,0
66,"ROSEAU",0.993251773010283,0
66,"ROSEAU",1.38629436111989,0
66,"ROSEAU",0.182321556793955,1
66,"ROSEAU",0.53062825106217,1
66,"ROSEAU",1.43508452528932,1
67,"SCOTT",2.96010509591084,1
67,"SCOTT",2.2082744135228,1
67,"SCOTT",0.693147180559945,0
67,"SCOTT",2.43361335540045,0
67,"SCOTT",2.32238772029023,0
67,"SCOTT",0.741937344729377,1
67,"SCOTT",0.182321556793955,0
67,"SCOTT",1.16315080980568,0
67,"SCOTT",0.693147180559945,1
67,"SCOTT",1.45861502269952,0
67,"SCOTT",0.78845736036427,0
67,"SCOTT",1.68639895357023,0
67,"SCOTT",3.22684399451738,0
68,"SHERBURNE",1.62924053973028,0
68,"SHERBURNE",0.832909122935104,0
68,"SHERBURNE",1.16315080980568,0
68,"SHERBURNE",0.916290731874155,0
68,"SHERBURNE",1.02961941718116,0
68,"SHERBURNE",1.1314021114911,0
68,"SHERBURNE",0.470003629245736,0
68,"SHERBURNE",1.54756250871601,0
69,"SIBLEY",1.38629436111989,0
69,"SIBLEY",1.6094379124341,0
69,"SIBLEY",0.405465108108164,0
69,"SIBLEY",1.56861591791385,0
70,"ST LOUIS",-0.22314355131421,0
70,"ST LOUIS",-0.693147180559945,1
70,"ST LOUIS",0.8754687373539,0
70,"ST LOUIS",0.832909122935104,0
70,"ST LOUIS",1.52605630349505,0
70,"ST LOUIS",2.39789527279837,0
70,"ST LOUIS",2.70136121295141,0
70,"ST LOUIS",2.15176220325946,0
70,"ST LOUIS",1.50407739677627,0
70,"ST LOUIS",0.405465108108164,0
70,"ST LOUIS",1.3609765531356,0
70,"ST LOUIS",0.587786664902119,0
70,"ST LOUIS",0.470003629245736,0
70,"ST LOUIS",-0.693147180559945,0
70,"ST LOUIS",-0.916290731874155,1
70,"ST LOUIS",-0.693147180559945,1
70,"ST LOUIS",2.16332302566054,0
70,"ST LOUIS",0.470003629245736,1
70,"ST LOUIS",0.336472236621213,0
70,"ST LOUIS",2.16332302566054,0
70,"ST LOUIS",2.40694510831829,0
70,"ST LOUIS",0.405465108108164,0
70,"ST LOUIS",0.0953101798043249,0
70,"ST LOUIS",-0.105360515657826,1
70,"ST LOUIS",-0.356674943938732,0
70,"ST LOUIS",1.43508452528932,0
70,"ST LOUIS",1.22377543162212,0
70,"ST LOUIS",0.741937344729377,1
70,"ST LOUIS",1.06471073699243,0
70,"ST LOUIS",0.587786664902119,0
70,"ST LOUIS",0.587786664902119,0
70,"ST LOUIS",0.8754687373539,0
70,"ST LOUIS",0.53062825106217,0
70,"ST LOUIS",-0.22314355131421,1
70,"ST LOUIS",2.45958884180371,0
70,"ST LOUIS",0.587786664902119,0
70,"ST LOUIS",1.02961941718116,0
70,"ST LOUIS",1.25276296849537,1
70,"ST LOUIS",1.28093384546206,0
70,"ST LOUIS",1.25276296849537,0
70,"ST LOUIS",1.09861228866811,0
70,"ST LOUIS",1.16315080980568,1
70,"ST LOUIS",1.1314021114911,0
70,"ST LOUIS",1.19392246847243,0
70,"ST LOUIS",0.53062825106217,1
70,"ST LOUIS",1.7227665977411,0
70,"ST LOUIS",1.22377543162212,0
70,"ST LOUIS",0.405465108108164,0
70,"ST LOUIS",3.47196645255036,0
70,"ST LOUIS",0.0953101798043249,0
70,"ST LOUIS",0.741937344729377,0
70,"ST LOUIS",-0.22314355131421,0
70,"ST LOUIS",0.405465108108164,0
70,"ST LOUIS",0.262364264467491,0
70,"ST LOUIS",1.1314021114911,0
70,"ST LOUIS",1.97408102602201,0
70,"ST LOUIS",0.336472236621213,0
70,"ST LOUIS",0.262364264467491,0
70,"ST LOUIS",0.405465108108164,0
70,"ST LOUIS",1.6094379124341,0
70,"ST LOUIS",0.832909122935104,0
70,"ST LOUIS",0.8754687373539,0
70,"ST LOUIS",0.182321556793955,0
70,"ST LOUIS",1.68639895357023,0
70,"ST LOUIS",0.0953101798043249,0
70,"ST LOUIS",0.336472236621213,0
70,"ST LOUIS",1.97408102602201,1
70,"ST LOUIS",0.0953101798043249,0
70,"ST LOUIS",1.19392246847243,0
70,"ST LOUIS",1.16315080980568,0
70,"ST LOUIS",0.405465108108164,0
70,"ST LOUIS",1.28093384546206,0
70,"ST LOUIS",-0.22314355131421,0
70,"ST LOUIS",0.470003629245736,0
70,"ST LOUIS",0.336472236621213,0
70,"ST LOUIS",0.993251773010283,0
70,"ST LOUIS",1.19392246847243,0
70,"ST LOUIS",-0.105360515657826,0
70,"ST LOUIS",-0.510825623765991,0
70,"ST LOUIS",0.693147180559945,0
70,"ST LOUIS",0.641853886172395,0
70,"ST LOUIS",-0.105360515657826,0
70,"ST LOUIS",1.68639895357023,0
70,"ST LOUIS",0.405465108108164,0
70,"ST LOUIS",1.1314021114911,0
70,"ST LOUIS",0.587786664902119,0
70,"ST LOUIS",-0.105360515657826,1
70,"ST LOUIS",1.19392246847243,0
70,"ST LOUIS",0.53062825106217,0
70,"ST LOUIS",1.1314021114911,0
70,"ST LOUIS",-0.356674943938732,1
70,"ST LOUIS",1.45861502269952,0
70,"ST LOUIS",0.336472236621213,0
70,"ST LOUIS",0.587786664902119,0
70,"ST LOUIS",0.405465108108164,0
70,"ST LOUIS",0.78845736036427,1
70,"ST LOUIS",0.8754687373539,0
70,"ST LOUIS",0.993251773010283,0
70,"ST LOUIS",0.53062825106217,0
70,"ST LOUIS",0.0953101798043249,1
70,"ST LOUIS",0.587786664902119,1
70,"ST LOUIS",-1.6094379124341,0
70,"ST LOUIS",0.78845736036427,0
70,"ST LOUIS",1.52605630349505,0
70,"ST LOUIS",0.741937344729377,0
70,"ST LOUIS",0.693147180559945,0
70,"ST LOUIS",-0.356674943938732,0
70,"ST LOUIS",1.85629799036563,0
70,"ST LOUIS",1.09861228866811,0
70,"ST LOUIS",0.693147180559945,0
70,"ST LOUIS",-0.105360515657826,0
70,"ST LOUIS",1.19392246847243,0
70,"ST LOUIS",0.587786664902119,0
70,"ST LOUIS",0.587786664902119,0
70,"ST LOUIS",0.78845736036427,0
70,"ST LOUIS",1.45861502269952,0
71,"STEARNS",2.01490302054226,0
71,"STEARNS",1.85629799036563,0
71,"STEARNS",2.11625551480255,0
71,"STEARNS",0.741937344729377,0
71,"STEARNS",1.19392246847243,0
71,"STEARNS",0.262364264467491,0
71,"STEARNS",1.6094379124341,0
71,"STEARNS",0,1
71,"STEARNS",1.94591014905531,0
71,"STEARNS",1.7404661748405,0
71,"STEARNS",2.31253542384721,0
71,"STEARNS",1.88706964903238,0
71,"STEARNS",0.955511445027436,1
71,"STEARNS",1.19392246847243,0
71,"STEARNS",0.405465108108164,1
71,"STEARNS",1.6094379124341,0
71,"STEARNS",2.00148000021012,0
71,"STEARNS",2.67414864942653,0
71,"STEARNS",0.587786664902119,0
71,"STEARNS",2.00148000021012,0
71,"STEARNS",0.955511445027436,0
71,"STEARNS",1.30833281965018,0
71,"STEARNS",0.641853886172395,0
71,"STEARNS",0.78845736036427,1
71,"STEARNS",1.6094379124341,0
72,"STEELE",1.98787434815435,0
72,"STEELE",1.30833281965018,0
72,"STEELE",1.06471073699243,0
72,"STEELE",1.48160454092422,0
72,"STEELE",2.12823170584927,0
72,"STEELE",1.62924053973028,0
72,"STEELE",1.28093384546206,0
72,"STEELE",0.405465108108164,0
72,"STEELE",2.15176220325946,0
72,"STEELE",2.36085400111802,0
73,"STEVENS",2.07944154167984,0
73,"STEVENS",1.50407739677627,0
74,"SWIFT",1.09861228866811,0
74,"SWIFT",0.8754687373539,0
74,"SWIFT",0.405465108108164,0
74,"SWIFT",1.56861591791385,0
75,"TODD",1.91692261218206,0
75,"TODD",0.741937344729377,0
75,"TODD",1.79175946922805,1
76,"TRAVERSE",1.06471073699243,1
76,"TRAVERSE",1.90210752639692,0
76,"TRAVERSE",2.96010509591084,0
76,"TRAVERSE",1.38629436111989,0
77,"WABASHA",1.77495235091167,0
77,"WABASHA",2.19722457733622,0
77,"WABASHA",2.12823170584927,0
77,"WABASHA",0.0953101798043249,1
77,"WABASHA",1.1314021114911,0
77,"WABASHA",2.4423470353692,0
77,"WABASHA",2.26176309847379,0
78,"WADENA",1.06471073699243,0
78,"WADENA",-0.356674943938732,1
78,"WADENA",1.16315080980568,1
78,"WADENA",1.54756250871601,0
78,"WADENA",1.56861591791385,0
79,"WASECA",-0.916290731874155,0
79,"WASECA",2.23001440015921,0
79,"WASECA",0.53062825106217,0
79,"WASECA",-0.105360515657826,1
80,"WASHINGTON",2.32238772029023,0
80,"WASHINGTON",2.04122032885964,0
80,"WASHINGTON",0.78845736036427,0
80,"WASHINGTON",1.87180217690159,0
80,"WASHINGTON",2.50143595173921,0
80,"WASHINGTON",1.52605630349505,0
80,"WASHINGTON",1.82454929205105,0
80,"WASHINGTON",1.87180217690159,0
80,"WASHINGTON",1.02961941718116,0
80,"WASHINGTON",0.641853886172395,0
80,"WASHINGTON",0.182321556793955,1
80,"WASHINGTON",0.8754687373539,0
80,"WASHINGTON",0,0
80,"WASHINGTON",0.182321556793955,1
80,"WASHINGTON",0.470003629245736,0
80,"WASHINGTON",-0.22314355131421,0
80,"WASHINGTON",0.53062825106217,0
80,"WASHINGTON",1.54756250871601,0
80,"WASHINGTON",0.53062825106217,1
80,"WASHINGTON",1.19392246847243,0
80,"WASHINGTON",-0.22314355131421,1
80,"WASHINGTON",2.28238238567653,0
80,"WASHINGTON",1.66770682055808,0
80,"WASHINGTON",2.14006616349627,0
80,"WASHINGTON",0.641853886172395,0
80,"WASHINGTON",1.88706964903238,0
80,"WASHINGTON",1.33500106673234,0
80,"WASHINGTON",1.77495235091167,0
80,"WASHINGTON",1.58923520511658,0
80,"WASHINGTON",0.916290731874155,1
80,"WASHINGTON",2.37024374146786,0
80,"WASHINGTON",0.8754687373539,0
80,"WASHINGTON",0.741937344729377,0
80,"WASHINGTON",1.54756250871601,0
80,"WASHINGTON",1.30833281965018,0
80,"WASHINGTON",2.59525470695687,0
80,"WASHINGTON",1.06471073699243,0
80,"WASHINGTON",1.45861502269952,0
80,"WASHINGTON",1.33500106673234,0
80,"WASHINGTON",0.587786664902119,0
80,"WASHINGTON",0.405465108108164,0
80,"WASHINGTON",0.587786664902119,0
80,"WASHINGTON",0.262364264467491,0
80,"WASHINGTON",1.88706964903238,0
80,"WASHINGTON",3.01553490085017,0
80,"WASHINGTON",1.79175946922805,0
81,"WATONWAN",2.62466859216316,0
81,"WATONWAN",2.32238772029023,1
81,"WATONWAN",1.7404661748405,1
82,"WILKIN",2.23001440015921,0
83,"WINONA",1.22377543162212,0
83,"WINONA",1.41098697371026,0
83,"WINONA",2.45100509811232,0
83,"WINONA",1.97408102602201,0
83,"WINONA",1.54756250871601,0
83,"WINONA",0.587786664902119,1
83,"WINONA",-0.356674943938732,1
83,"WINONA",1.54756250871601,0
83,"WINONA",2.32238772029023,0
83,"WINONA",2.42480272571829,0
83,"WINONA",2.02814824729229,0
83,"WINONA",2.46809953147162,0
83,"WINONA",-0.693147180559945,1
84,"WRIGHT",1.90210752639692,0
84,"WRIGHT",1.66770682055808,0
84,"WRIGHT",1.1314021114911,0
84,"WRIGHT",0.741937344729377,0
84,"WRIGHT",1.98787434815435,0
84,"WRIGHT",1.62924053973028,0
84,"WRIGHT",0.78845736036427,0
84,"WRIGHT",0.832909122935104,1
84,"WRIGHT",2.76631910922619,0
84,"WRIGHT",2.2512917986065,0
84,"WRIGHT",1.85629799036563,0
84,"WRIGHT",1.50407739677627,0
84,"WRIGHT",1.6094379124341,0
85,"YELLOW MEDICINE",1.30833281965018,0
85,"YELLOW MEDICINE",1.06471073699243,0
